{
	"info": {
		"_postman_id": "8f392527-44ae-4a49-8203-cc3a7f03f3dd",
		"name": "ElasticsearchSpringbootAPICollection",
		"schema": "https://schema.getpostman.com/json/collection/v2.1.0/collection.json"
	},
	"item": [
		{
			"name": "New Request",
			"request": {
				"method": "POST",
				"header": [],
				"body": {
					"mode": "raw",
					"raw": "{\r\n    \"id\":\"BOOK-1\",\r\n    \"name\":\"ElasticSearchBook\",\r\n    \"description\":\"wonderful book\",\r\n    \"price\":100.99\r\n\r\n}",
					"options": {
						"raw": {
							"language": "json"
						}
					}
				},
				"url": {
					"raw": "localhost:8080/createProduct",
					"host": [
						"localhost"
					],
					"port": "8080",
					"path": [
						"createProduct"
					]
				}
			},
			"response": []
		},
		{
			"name": "New Request",
			"request": {
				"method": "GET",
				"header": []
			},
			"response": []
		},
		{
			"name": "New Request",
			"request": {
				"method": "DELETE",
				"header": [],
				"url": {
					"raw": "localhost:8080/deleteDocument?productId=BOOK-2",
					"host": [
						"localhost"
					],
					"port": "8080",
					"path": [
						"deleteDocument"
					],
					"query": [
						{
							"key": "productId",
							"value": "BOOK-2"
						}
					]
				}
			},
			"response": []
		},
		{
			"name": "New Request",
			"request": {
				"method": "GET",
				"header": []
			},
			"response": []
		}
	]
}